home_team,away_team,matchday,utc_date
Southampton,Nottingham Forest,2,2024-08-24 14:00:00
West Ham United,Manchester City,3,2024-08-31 16:30:00
Ipswich Town,Fulham,3,2024-08-31 14:00:00
Fulham,West Ham United,4,2024-09-14 14:00:00
Aston Villa,Wolverhampton Wanderers,5,2024-09-21 14:00:00
Fulham,Newcastle United,5,2024-09-21 14:00:00
Manchester United,Tottenham Hotspur,6,2024-09-29 15:30:00
Nottingham Forest,Fulham,6,2024-09-28 14:00:00
Everton,Newcastle United,7,2024-10-05 16:30:00
Newcastle United,Brighton & Hove Albion,8,2024-10-19 14:00:00
Fulham,Aston Villa,8,2024-10-19 14:00:00
Aston Villa,A Bournemouth,9,2024-10-26 14:00:00
Chelsea,Newcastle United,9,2024-10-27 14:00:00
Wolverhampton Wanderers,Southampton,11,2024-11-09 15:00:00
Aston Villa,Crystal Palace,12,2024-11-23 15:00:00
Liverpool,Manchester City,13,2024-12-01 16:00:00
Crystal Palace,Newcastle United,13,2024-11-30 15:00:00
Wolverhampton Wanderers,A Bournemouth,13,2024-11-30 15:00:00
Ipswich Town,Crystal Palace,14,2024-12-03 19:30:00
A Bournemouth,Tottenham Hotspur,14,2024-12-05 20:15:00
Arsenal,Manchester United,14,2024-12-04 20:15:00
Ipswich Town,A Bournemouth,15,2024-12-08 14:00:00
Wolverhampton Wanderers,Ipswich Town,16,2024-12-14 15:00:00
A Bournemouth,West Ham United,16,2024-12-16 20:00:00
West Ham United,Brighton & Hove Albion,17,2024-12-21 15:00:00
Fulham,A Bournemouth,19,2024-12-29 15:00:00
